{"sections":{"main":{"type":"main-page","settings":{}},"rich-text":{"type":"rich-text","blocks":{"heading":{"type":"heading","settings":{"title":"Get in touch"}},"text":{"type":"text","settings":{"enlarge_text":true,"text":"<p>Use this text to share information about your brand with your customers. Describe a product, share announcements, or welcome customers to your store.<\/p>"}}},"block_order":["heading","text"],"disabled":true,"settings":{"align_text":"center","narrow_column":true,"divider":false}},"form":{"type":"contact-form","settings":{"title":"","text":"","show_phone":false,"narrow_column":true}}},"order":["main","rich-text","form"]}