{
  "current": {
    "color_body_bg": "#ffffff",
    "color_body_text": "#1c1d1d",
    "color_borders": "#1c1d1d",
    "color_button": "#111111",
    "color_button_text": "#ffffff",
    "color_sale_price": "#1c1d1d",
    "color_sale_tag": "#1c1d1d",
    "color_sale_tag_text": "#ffffff",
    "color_header": "#ffffff",
    "color_header_text": "#1c1d1d",
    "color_announcement": "#1c1d1d",
    "color_announcement_text": "#ffffff",
    "color_footer": "#ffffff",
    "color_footer_text": "#2c2c2c",
    "color_drawer_background": "#ffffff",
    "color_drawer_text": "#000000",
    "color_drawer_border": "#343535",
    "color_drawer_button": "#111111",
    "color_drawer_button_text": "#ffffff",
    "color_modal_overlays": "#aeb1b8",
    "color_image_text": "#ffffff",
    "color_image_2": "#000000",
    "color_image_2_opacity": 0,
    "color_image_1": "#000000",
    "color_image_1_opacity": 26,
    "color_small_image_bg": "#eeeeee",
    "color_large_image_bg": "#dedfe1",
    "type_header_font_family": "sans-serif",
    "type_header_spacing": "0",
    "type_header_base_size": 35,
    "type_header_line_height": 1.2,
    "type_header_capitalize": false,
    "type_header_accent_transform": true,
    "type_base_font_family": "sans-serif",
    "type_base_spacing": "25",
    "type_base_size": 17,
    "type_base_line_height": 1.6,
    "type_base_accent_transform": true,
    "icon_weight": "3px",
    "icon_linecaps": "miter",
    "animate_page_transitions": true,
    "animate_page_transition_style": "page-slow-fade",
    "animate_sections": true,
    "animate_sections_background_style": "zoom-fade",
    "animate_sections_text_style": "rise-up",
    "animate_images": true,
    "animate_images_style": "zoom-fade",
    "animate_buttons": true,
    "animate_underlines": true,
    "product_save_amount": false,
    "cart_type": "drawer",
    "cart_icon": "cart",
    "social_instagram_link": "",
    "favicon": "shopify://shop_images/xxxx_logo.png",
    "search_enable": false,
    "checkout_header_image": "",
    "checkout_logo_image": "shopify://shop_images/0017_-_logo_white_rect_500_x_250_px.png",
    "checkout_logo_position": "center",
    "checkout_logo_size": "large",
    "checkout_body_background_image": "",
    "checkout_body_background_color": "#ffffff",
    "checkout_input_background_color_mode": "white",
    "checkout_sidebar_background_image": "",
    "checkout_sidebar_background_color": "#fafafa",
    "checkout_heading_font": "Helvetica Neue",
    "checkout_body_font": "Helvetica Neue",
    "checkout_accent_color": "#111111",
    "checkout_button_color": "#111111",
    "checkout_error_color": "#ff6d6d",
    "color_image_bg": "#000000",
    "color_input": "#ffffff",
    "checkout_banner_background_color": "#ffffff",
    "checkout_call_to_action_color": "#a26b25",
    "checkout_use_header_image": false,
    "sections": {
      "header": {
        "type": "header",
        "custom_css": ["header.site-header {border-bottom: 1px solid black;}"],
        "settings": {
          "logo": "shopify://shop_images/0017_-_logo_white_rect_500_x_250_px.png",
          "desktop_logo_width": 200,
          "mobile_logo_width": 140,
          "main_menu_link_list": "main-menu",
          "main_menu_alignment": "center",
          "header_sticky": true,
          "sticky_index": false,
          "sticky_collection": false,
          "show_announcement": true,
          "announcement_text": "Black Friday Offer! 🎁 All StopTopple racks now 30% off! Limited time only ⏰",
          "announcement_link": "shopify://products/product_backend_name",
          "announcement_closable": false
        }
      },
      "newsletter-popup": {
        "type": "newsletter-popup",
        "blocks": {
          "reminder-block": {
            "type": "header",
            "disabled": true,
            "settings": {
              "reminder_label": "Get 10% off"
            }
          }
        },
        "block_order": ["reminder-block"],
        "settings": {
          "mode": false,
          "disable_for_account_holders": true,
          "popup_seconds": 5,
          "popup_days": 30,
          "popup_title": "Sign up and save",
          "popup_text": "<p>Entice customers to sign up for your mailing list with discounts or exclusive offers. Include an image for extra impact.</p>",
          "image_position": "left",
          "show_social_icons": false,
          "enable_newsletter": true,
          "button_label": "Optional button",
          "button_link": ""
        }
      },
      "footer": {
        "type": "footer",
        "blocks": {
          "83464022-3ab5-4ccf-b7e2-711dfc7fea3a": {
            "type": "logo_social",
            "settings": {
              "logo": "shopify://shop_images/0017_-_logo_white_rect_500_x_250_px.png",
              "desktop_logo_height": 120,
              "container_width": 30
            }
          },
          "1494301487049": {
            "type": "menu",
            "settings": {
              "show_footer_title": false,
              "menu": "footer",
              "container_width": 50
            }
          }
        },
        "block_order": [
          "83464022-3ab5-4ccf-b7e2-711dfc7fea3a",
          "1494301487049"
        ],
        "custom_css": ["footer.site-footer {border-top: 1px solid black;}"],
        "settings": {
          "show_locale_selector": true,
          "show_currency_selector": true,
          "show_currency_flags": true,
          "show_payment_icons": true,
          "colorize_payment_icons": true,
          "show_copyright": true,
          "copyright_text": ""
        }
      },
      "age-verification-popup": {
        "type": "age-verification-popup",
        "settings": {
          "enable_age_verification_popup": false,
          "enable_test_mode": false,
          "blur_image": false,
          "heading": "Confirm your age",
          "text": "<p>Are you 18 years old or older?</p>",
          "decline_button_label": "No I'm not",
          "approve_button_label": "Yes I am",
          "decline_heading": "Come back when you're older",
          "decline_text": "<p>Sorry, the content of this store can't be seen by a younger audience. Come back when you're older.</p>",
          "return_button_label": "Oops, I entered incorrectly"
        }
      },
      "footer-promotions": {
        "type": "footer-promotions",
        "blocks": {
          "footer-promotions-0": {
            "type": "promotion",
            "disabled": true,
            "settings": {
              "enable_image": true,
              "image_width": 650,
              "title": "Site-wide promotion",
              "text": "<p>Use this section to promote content throughout every page of your site. Add images for further impact.</p>",
              "button_label": "Optional button",
              "button_link": ""
            }
          },
          "footer-promotions-1": {
            "type": "promotion",
            "disabled": true,
            "settings": {
              "enable_image": true,
              "image_width": 650,
              "title": "Site-wide promotion",
              "text": "<p>Use this section to promote content throughout every page of your site. Add images for further impact.</p>",
              "button_label": "Optional button",
              "button_link": ""
            }
          },
          "footer-promotions-2": {
            "type": "promotion",
            "disabled": true,
            "settings": {
              "enable_image": true,
              "image_width": 650,
              "title": "Site-wide promotion",
              "text": "<p>Use this section to promote content throughout every page of your site. Add images for further impact.</p>",
              "button_label": "Optional button",
              "button_link": ""
            }
          }
        },
        "block_order": [
          "footer-promotions-0",
          "footer-promotions-1",
          "footer-promotions-2"
        ],
        "settings": {
          "hide_homepage": false,
          "image_size": "wide",
          "align_text": "left"
        }
      }
    },
    "content_for_index": []
  },
  "presets": {
    "Classic": {
      "color_borders": "#e8e8e1",
      "color_button": "#111111",
      "color_button_text": "#ffffff",
      "color_drawer_background": "#ffffff",
      "color_drawer_text": "#000000",
      "color_drawer_border": "#e8e8e1",
      "color_drawer_button": "#111111",
      "color_drawer_button_text": "#ffffff",
      "color_footer": "#111111",
      "color_footer_text": "#ffffff",
      "color_image_1": "#000000",
      "color_image_1_opacity": 62,
      "color_image_2": "#000000",
      "color_image_2_opacity": 0,
      "color_small_image_bg": "#ffffff",
      "color_large_image_bg": "#111111",
      "type_header_spacing": "0",
      "type_header_font_family": "itc_avant_garde_gothic_n7",
      "type_header_base_size": 35,
      "type_header_line_height": 1.2,
      "type_header_accent_transform": true,
      "type_base_font_family": "futura_n4",
      "type_base_spacing": "25",
      "type_base_size": 17,
      "type_base_line_height": 1.6,
      "type_base_accent_transform": true,
      "icon_weight": "3px",
      "icon_linecaps": "miter",
      "animate_page_transitions": true,
      "animate_page_transition_style": "page-slow-fade",
      "animate_sections": true,
      "animate_sections_background_style": "zoom-fade",
      "animate_sections_text_style": "rise-up",
      "animate_images": true,
      "animate_images_style": "zoom-fade",
      "animate_buttons": true,
      "animate_underlines": true,
      "cart_type": "drawer",
      "checkout_header_image": "",
      "checkout_logo_image": "",
      "checkout_logo_position": "left",
      "checkout_logo_size": "medium",
      "checkout_body_background_image": "",
      "checkout_body_background_color": "#ffffff",
      "checkout_input_background_color_mode": "white",
      "checkout_sidebar_background_image": "",
      "checkout_sidebar_background_color": "#fafafa",
      "checkout_heading_font": "Helvetica Neue",
      "checkout_body_font": "Helvetica Neue",
      "checkout_accent_color": "#111111",
      "checkout_button_color": "#111111",
      "checkout_error_color": "#ff6d6d",
      "color_image_bg": "#000000",
      "color_input": "#ffffff",
      "checkout_banner_background_color": "#ffffff",
      "checkout_call_to_action_color": "#a26b25",
      "checkout_use_header_image": false,
      "sections": {
        "header": {
          "type": "header",
          "settings": {
            "main_menu_link_list": "main-menu",
            "sticky_index": true,
            "sticky_collection": false,
            "show_announcement": true
          }
        },
        "newsletter-popup": {
          "type": "newsletter-popup",
          "blocks": {
            "reminder-block": {
              "type": "header",
              "disabled": true,
              "settings": {}
            }
          },
          "block_order": ["reminder-block"],
          "settings": {}
        },
        "footer": {
          "type": "footer",
          "blocks": {
            "1494292481350": {
              "type": "logo_social",
              "settings": {
                "container_width": 20
              }
            },
            "1494292485313": {
              "type": "menu",
              "settings": {
                "menu": "main-menu",
                "container_width": 20
              }
            },
            "1494292487693": {
              "type": "newsletter",
              "settings": {
                "container_width": 33
              }
            },
            "1494301487049": {
              "type": "menu",
              "settings": {
                "menu": "footer",
                "container_width": 20
              }
            }
          },
          "block_order": [
            "1494301487049",
            "1494292485313",
            "1494292487693",
            "1494292481350"
          ],
          "settings": {}
        }
      }
    },
    "Elegant": {
      "color_borders": "#e8e8e1",
      "color_button": "#353956",
      "color_button_text": "#ffffff",
      "color_footer": "#17172c",
      "color_footer_text": "#ffffff",
      "color_drawer_background": "#ffffff",
      "color_drawer_text": "#17172c",
      "color_drawer_border": "#e8e8e1",
      "color_drawer_button": "#353956",
      "color_drawer_button_text": "#ffffff",
      "color_modal_overlays": "#17172c",
      "color_image_2": "#17172c",
      "color_image_2_opacity": 0,
      "color_image_1": "#17172c",
      "color_image_1_opacity": 32,
      "color_small_image_bg": "#f4f4f4",
      "color_large_image_bg": "#17172c",
      "type_header_spacing": "0",
      "type_header_font_family": "bauer_bodoni_n7",
      "type_header_base_size": 42,
      "type_header_line_height": 1.3,
      "type_base_font_family": "futura_n4",
      "type_base_spacing": "25",
      "type_base_size": 17,
      "type_base_line_height": 1.6,
      "icon_weight": "3px",
      "icon_linecaps": "miter",
      "animate_page_transitions": true,
      "animate_page_transition_style": "page-slow-fade",
      "animate_sections": true,
      "animate_sections_background_style": "zoom-fade",
      "animate_sections_text_style": "rise-up",
      "animate_images": true,
      "animate_images_style": "zoom-fade",
      "animate_buttons": true,
      "animate_underlines": true,
      "cart_type": "drawer",
      "checkout_header_image": "",
      "checkout_logo_image": "",
      "checkout_logo_position": "left",
      "checkout_logo_size": "medium",
      "checkout_body_background_image": "",
      "checkout_body_background_color": "#ffffff",
      "checkout_input_background_color_mode": "white",
      "checkout_sidebar_background_image": "",
      "checkout_sidebar_background_color": "#fafafa",
      "checkout_heading_font": "Helvetica Neue",
      "checkout_body_font": "Helvetica Neue",
      "checkout_accent_color": "#111111",
      "checkout_button_color": "#111111",
      "checkout_error_color": "#ff6d6d",
      "color_image_bg": "#000000",
      "color_input": "#ffffff",
      "checkout_banner_background_color": "#ffffff",
      "checkout_call_to_action_color": "#a26b25",
      "checkout_use_header_image": false,
      "sections": {
        "header": {
          "type": "header",
          "settings": {
            "main_menu_link_list": "main-menu",
            "sticky_index": true,
            "sticky_collection": false,
            "show_announcement": true
          }
        },
        "footer": {
          "type": "footer",
          "blocks": {
            "1494292481350": {
              "type": "logo_social",
              "settings": {
                "container_width": 20
              }
            },
            "1494292485313": {
              "type": "menu",
              "settings": {
                "menu": "main-menu",
                "container_width": 20
              }
            },
            "1494292487693": {
              "type": "newsletter",
              "settings": {
                "container_width": 33
              }
            },
            "1494301487049": {
              "type": "menu",
              "settings": {
                "menu": "footer",
                "container_width": 20
              }
            }
          },
          "block_order": [
            "1494292481350",
            "1494301487049",
            "1494292485313",
            "1494292487693"
          ],
          "settings": {}
        }
      }
    },
    "Minimal": {
      "color_borders": "#f0f1f3",
      "color_button": "#111111",
      "color_button_text": "#ffffff",
      "color_footer": "#f0f1f3",
      "color_footer_text": "#2c2c2c",
      "color_drawer_background": "#ffffff",
      "color_drawer_text": "#000000",
      "color_drawer_border": "#f0f1f3",
      "color_drawer_button": "#111111",
      "color_drawer_button_text": "#ffffff",
      "color_modal_overlays": "#aeb1b8",
      "color_image_2": "#000000",
      "color_image_2_opacity": 0,
      "color_image_1": "#000000",
      "color_image_1_opacity": 26,
      "color_small_image_bg": "#ffffff",
      "color_large_image_bg": "#dedfe1",
      "type_header_spacing": "50",
      "type_header_font_family": "chivo_n7",
      "type_header_base_size": 34,
      "type_header_line_height": 1.2,
      "type_header_accent_transform": true,
      "type_base_font_family": "neuzeit_office_n4",
      "type_base_spacing": "25",
      "type_base_size": 16,
      "type_base_line_height": 1.6,
      "type_base_accent_transform": true,
      "icon_weight": "2px",
      "icon_linecaps": "round",
      "animate_page_transitions": true,
      "animate_page_transition_style": "page-slide-reveal-down",
      "animate_sections": true,
      "animate_sections_background_style": "zoom-fade",
      "animate_sections_text_style": "rise-up",
      "animate_images": true,
      "animate_images_style": "fade-in",
      "animate_buttons": true,
      "animate_underlines": true,
      "cart_type": "drawer",
      "checkout_header_image": "",
      "checkout_logo_image": "",
      "checkout_logo_position": "left",
      "checkout_logo_size": "medium",
      "checkout_body_background_image": "",
      "checkout_body_background_color": "#ffffff",
      "checkout_input_background_color_mode": "white",
      "checkout_sidebar_background_image": "",
      "checkout_sidebar_background_color": "#fafafa",
      "checkout_heading_font": "Helvetica Neue",
      "checkout_body_font": "Helvetica Neue",
      "checkout_accent_color": "#111111",
      "checkout_button_color": "#111111",
      "checkout_error_color": "#ff6d6d",
      "color_image_bg": "#000000",
      "color_input": "#ffffff",
      "checkout_banner_background_color": "#ffffff",
      "checkout_call_to_action_color": "#a26b25",
      "checkout_use_header_image": false,
      "sections": {
        "header": {
          "type": "header",
          "settings": {
            "main_menu_link_list": "main-menu",
            "sticky_index": false,
            "sticky_collection": false,
            "show_announcement": true
          }
        },
        "footer": {
          "type": "footer",
          "blocks": {
            "1494292481350": {
              "type": "logo_social",
              "settings": {
                "container_width": 20
              }
            },
            "1494292485313": {
              "type": "menu",
              "settings": {
                "menu": "main-menu",
                "container_width": 20
              }
            },
            "1494292487693": {
              "type": "newsletter",
              "settings": {
                "container_width": 33
              }
            },
            "1494301487049": {
              "type": "menu",
              "settings": {
                "menu": "footer",
                "container_width": 20
              }
            }
          },
          "block_order": [
            "1494292481350",
            "1494301487049",
            "1494292485313",
            "1494292487693"
          ],
          "settings": {}
        }
      }
    }
  }
}
